{"cameraMode":{"drawMode":0,"name":"Shaded","section":"Shading Mode"},"sceneLighting":true,"audioPlay":false,"sceneViewState":{"m_AlwaysRefresh":false,"showFog":true,"showSkybox":true,"showFlares":true,"showImageEffects":true,"showParticleSystems":true,"showVisualEffectGraphs":true,"m_FxEnabled":true},"in2DMode":false,"pivot":{"x":-4.564633369445801,"y":2.0172784328460695,"z":-7.869596481323242},"rotation":{"x":0.007602279540151358,"y":0.9802226424217224,"z":-0.19847269356250764,"w":0.03246767446398735},"size":5.515260696411133,"orthographic":false}